{
	"format_version": "1.8.0",
	"animations": {
		"animation.absolute_guns_.wield_ak47": {
			"loop": true,
			"bones": {
				"stick": {
					"rotation": [105, 0, 0],
					"position": [77, 31, -39],
					"scale": 2
				},
				"stick2": {
					"rotation": [-73.22121, 3.22147, 180.82304],
					"position": [-3, -25, -23],
					"scale": 2
				},
				"stick2_t": {
					"position": [0, 2, 0],
					"scale": 0.4
				},
				"stick_t": {
					"rotation": [90, 0, 0],
					"position": [-2, 11, 1]
				}
			}
		},
		"animation.recoil.generic": {
			"animation_length": 0.32,
			"bones": {
				"main": {
					"rotation": {
						"0.0833": ["0*variable.is_first_person", "0*variable.is_first_person", "0*variable.is_first_person"],
						"0.1667": ["-7.5*variable.is_first_person", "0*variable.is_first_person", "0*variable.is_first_person"],
						"0.2917": ["0*variable.is_first_person", "0*variable.is_first_person", "0*variable.is_first_person"]
					}
				},
				"body": {
					"rotation": {
						"0.0": [0, 0, 0],
						"0.0417": [1, -0.25, 0],
						"0.0833": [1.25, -0.75, 0],
						"0.125": [0.5, -0.5, 0],
						"0.1667": [1, -0.25, 0],
						"0.2083": [1.09, -0.11, 0],
						"0.25": [1, 0, 0],
						"0.2917": [0.85, 0.02, 0],
						"0.3333": [0.62, 0.02, 0],
						"0.375": [0.38, 0.01, 0],
						"0.4167": [0.15, 0, 0],
						"0.4583": [0, 0, 0],
						"0.5": [-0.05, 0, 0],
						"0.5417": [-0.08, 0, 0.01],
						"0.5833": [-0.07, 0, 0.01],
						"0.625": [-0.06, 0, 0.01],
						"0.6667": [-0.04, 0, 0.02],
						"0.7083": [-0.02, 0, 0.02],
						"0.75": [-0.01, 0, 0.02],
						"0.7917": [0, 0, 0],
						"0.875": [0, 0, -0.1],
						"0.9583": [0, 0, -0.24],
						"1.0417": [0, 0, -0.39],
						"1.125": [0, 0, -0.49],
						"1.1667": [0, 0, -0.5],
						"1.2083": [0, 0, -0.48],
						"1.2917": [0, 0, -0.36],
						"1.375": [0, 0, -0.19],
						"1.4583": [0, 0, -0.05],
						"1.5": [0, 0, 0]
					},
					"position": {
						"0.0": [0, 0, 0],
						"0.0417": [-0.3, "variable.is_first_person ? 0.3 : 0", "variable.is_first_person ? 1.61 : 0"],
						"0.0833": [-0.45, "variable.is_first_person ? 0.65 : 0", "variable.is_first_person ? 1.95 : 0"],
						"0.125": [-0.32, "variable.is_first_person ? 0.8 : 0", "variable.is_first_person ? 0.58 : 0"],
						"0.1667": [-0.19, "variable.is_first_person ? 0.8 : 0", "variable.is_first_person ? -0.26 : 0"],
						"0.2083": [-0.09, "variable.is_first_person ? 0.65 : 0", "variable.is_first_person ? -1.03 : 0"],
						"0.25": [0, "variable.is_first_person ? 0.45 : 0", "variable.is_first_person ? -1.67 : 0"],
						"0.2917": [0.01, "variable.is_first_person ? 0.3 : 0", "variable.is_first_person ? -1.74 : 0"],
						"0.3333": [0, "variable.is_first_person ? 0.15 : 0", "variable.is_first_person ? -1.63 : 0"],
						"0.375": [-0.01, "variable.is_first_person ? 0.03 : 0", "variable.is_first_person ? -1.49 : 0"],
						"0.4167": [-0.02, -0.06, "variable.is_first_person ? -1.28 : 0"],
						"0.4583": [-0.03, -0.07, "variable.is_first_person ? -1 : 0"],
						"0.5": [-0.04, -0.05, "variable.is_first_person ? -0.73 : 0"],
						"0.5417": [-0.06, 0, "variable.is_first_person ? -0.43 : 0"],
						"0.5833": [-0.07, 0.03, "variable.is_first_person ? -0.2 : 0"],
						"0.625": [-0.08, 0.04, -0.11],
						"0.6667": [-0.1, 0.04, -0.06],
						"0.7083": [-0.11, 0.04, -0.04],
						"0.75": [-0.12, 0.04, -0.02],
						"0.7917": [-0.12, 0.05, 0],
						"0.875": [-0.12, 0.08, 0],
						"0.9583": [-0.12, 0.13, 0],
						"1.0417": [-0.12, 0.17, 0],
						"1.125": [-0.11, 0.2, 0],
						"1.1667": [-0.1, 0.2, 0],
						"1.2083": [-0.09, 0.19, 0],
						"1.2917": [-0.06, 0.14, 0],
						"1.375": [-0.03, 0.08, 0],
						"1.4583": [-0.01, 0.02, 0],
						"1.5": [0, 0, 0]
					}
				},
				"shell": {
					"rotation": {
						"0.125": ["0*variable.is_first_person", "0*variable.is_first_person", "0*variable.is_first_person"],
						"0.3333": ["-32.5*variable.is_first_person", "187.5*variable.is_first_person", "0*variable.is_first_person"]
					},
					"position": {
						"0.0833": ["0*variable.is_first_person", "0*variable.is_first_person", "1*variable.is_first_person"],
						"0.125": ["-0.9997*variable.is_first_person", "1.26723*variable.is_first_person", "1.96394*variable.is_first_person"],
						"0.2083": ["-4*variable.is_first_person", "3.27*variable.is_first_person", "1.96*variable.is_first_person"],
						"0.3333": ["-9*variable.is_first_person", "2.27*variable.is_first_person", "1.96*variable.is_first_person"]
					},
					"scale": {
						"0.2917": ["1*variable.is_first_person", "1*variable.is_first_person", "1*variable.is_first_person"],
						"0.3333": ["0*variable.is_first_person", "0*variable.is_first_person", "0*variable.is_first_person"]
					}
				},
				"slide": {
					"position": {
						"0.0": ["0*variable.is_first_person", "0*variable.is_first_person", "0*variable.is_first_person"],
						"0.125": ["0*variable.is_first_person", "0*variable.is_first_person", "0*variable.is_first_person"],
						"0.375": ["0*variable.is_first_person", "0*variable.is_first_person", "1.6*variable.is_first_person"],
						"0.5833": ["0*variable.is_first_person", "0*variable.is_first_person", "0*variable.is_first_person"],
						"1.0": ["0*variable.is_first_person", "0*variable.is_first_person", "0*variable.is_first_person"]
					}
				},
				"trigger": {
					"rotation": {
						"0.0": ["0*variable.is_first_person", "0*variable.is_first_person", "0*variable.is_first_person"],
						"0.0417": ["15*variable.is_first_person", "0*variable.is_first_person", "0*variable.is_first_person"],
						"0.125": ["15*variable.is_first_person", "0*variable.is_first_person", "0*variable.is_first_person"],
						"0.2083": ["0*variable.is_first_person", "0*variable.is_first_person", "0*variable.is_first_person"]
					}
				},
				"leftArm": {
					"rotation": {
						"0.0": ["0*variable.is_first_person", "0*variable.is_first_person", "0*variable.is_first_person"],
						"0.125": ["-5.00954*variable.is_first_person", "4.99523*variable.is_first_person", "-0.21865*variable.is_first_person"],
						"0.25": ["5.23*variable.is_first_person", "0*variable.is_first_person", "0*variable.is_first_person"],
						"0.4167": ["4.0806*variable.is_first_person", "-2.59485*variable.is_first_person", "-0.54533*variable.is_first_person"],
						"0.5833": ["-2.26425*variable.is_first_person", "-2.49805*variable.is_first_person", "-0.13771*variable.is_first_person"],
						"0.7083": ["-3.6077*variable.is_first_person", "0*variable.is_first_person", "-0.2662*variable.is_first_person"],
						"0.8333": ["-2.5*variable.is_first_person", "0*variable.is_first_person", "0*variable.is_first_person"],
						"1.0": ["0*variable.is_first_person", "0*variable.is_first_person", "0*variable.is_first_person"]
					},
					"position": {
						"0.0": ["0*variable.is_first_person", "0*variable.is_first_person", "0*variable.is_first_person"],
						"0.125": ["0*variable.is_first_person", "0*variable.is_first_person", "0.5*variable.is_first_person"],
						"0.2917": ["0*variable.is_first_person", "0.3*variable.is_first_person", "0.5*variable.is_first_person"],
						"0.4583": ["0*variable.is_first_person", "0*variable.is_first_person", "0.5*variable.is_first_person"],
						"1.0": ["0*variable.is_first_person", "0*variable.is_first_person", "0.5*variable.is_first_person"]
					}
				},
				"rightArm": {
					"rotation": {
						"0.04": ["-70*!variable.is_first_person-20*q.is_sneaking+q.target_x_rotation", "q.target_y_rotation*!variable.is_first_person", 0],
						"0.08": ["-72.5*!variable.is_first_person-20*q.is_sneaking+q.target_x_rotation", "q.target_y_rotation*!variable.is_first_person", 0],
						"0.16": ["-70*!variable.is_first_person-20*q.is_sneaking+q.target_x_rotation", "q.target_y_rotation*!variable.is_first_person", 0]
					},
					"position": {
						"0.0": [0, 0, 0],
						"0.04": [0, 0, "1.5*!variable.is_first_person"],
						"0.12": [0, 0, 0]
					}
				},